Username,Language Spoken,Gender,Location,Followers,Average likes,Average Comments,Engagement
patmcgrathreal,gd,male,,1858942,10264,195,1.0
chloexhalle,en,female,,920741,72318,1002,8.0
dualipa,en,male,,8574464,828707,4107,10.0
jinjiiiindao,ja,unknown,,8512,714,18,9.0
sekakura_tbs,unknown,unknown,,593,198,3,34.0
mounir,en,unknown,,3642537,76175,1434,2.0
off____white,en,male,,3207621,57907,282,2.0
olivertree,en,male,,156341,26344,1265,18.0
katorishingo_official,unknown,unknown,,1471871,132567,2673,9.0
galore,en,unknown,,488722,5202,52,1.0
tealecoco,en,unknown,,190393,5810,105,3.0
sirjohnofficial,en,male,,212212,3287,86,2.0
reesewitherspoon,unknown,female,,12669680,240444,2064,2.0
__doublet__,en,male,,30491,897,7,3.0
hotdudesreading,en,male,,996201,39863,472,4.0
bonjinmame,ja,unknown,,185679,10377,62,6.0
leaelui,en,female,,3401951,619198,9771,18.0
szalookbook,en,male,,3124,316,3,10.0
younggoth,en,male,,2756440,307561,1950,11.0
von50s,en,unknown,,8601,216,2,3.0
uniquevintage,en,male,,245924,2846,22,1.0
rie_tomosaka_official,ja,unknown,,66574,5379,119,8.0
suzu.hirose.official,unknown,unknown,,1135073,130877,822,12.0
yukaitaya,ja,unknown,,442253,18506,83,4.0
papermagazine,en,male,,1131023,17870,192,2.0
sonnyphotos,en,male,,12163,241,2,2.0
iamcardib,en,male,,20453992,696566,12204,3.0
oliversigns,en,male,,31997,176,2,1.0
345insta,ja,male,,569620,44171,402,8.0
amine,en,male,,537065,96415,889,18.0
annettelabedzki,en,unknown,,904244,9062,51,1.0
satisfrandom,en,unknown,,50894,214,2,0.0
buruzon333,unknown,female,,1692546,80368,281,5.0
shimizu_taimu,ja,unknown,,1078,140,11,14.000000000000002
yujiayabe,en,unknown,,571026,42540,588,8.0
kaiagerber,en,unknown,,3167878,232393,938,7.000000000000001
duckieofficial,unknown,unknown,,813374,89283,1146,11.0
sza,pl,male,,3866148,379448,3984,10.0
simonedelloro,unknown,unknown,,622,51,3,9.0
giulianocalza,st,male,,56982,1045,4,2.0
ninagawamika,da,unknown,,390411,7192,15,2.0
tomitakazunari,ja,male,,180,14,0,8.0
badnice.tuneda,ja,unknown,,19047,1612,26,9.0
fentybeauty,en,female,,3320491,75136,519,2.0
yokopium,en,male,,63881,1932,46,3.0
paradiso_ibiza,en,male,,5368,131,6,3.0
ninautashiro,en,unknown,,15773,528,4,3.0
sasha_melnychuk,en,unknown,,51337,1036,11,2.0
hiroshi_manaka,en,female,,1682,211,1,13.0
pabllovittar,en,unknown,,6839311,210215,3842,3.0
jun_kaname_official,en,unknown,,26164,5074,58,20.0
takizawakarenofficial,ja,male,,1219942,48998,164,4.0
sophfei,en,female,,16950,461,16,3.0
naoko.nozawa,en,male,,32953,3092,46,10.0
naomi_audition,ja,unknown,,2012,90,0,4.0
bakarianstudio,en,male,,15991,576,8,4.0
officialai,da,unknown,,147051,6297,24,4.0
bellahadid,en,unknown,,17329023,469875,1705,3.0
harisenbon_staff,ja,unknown,,28448,3512,36,12.0
saito_janpoke,unknown,unknown,,25596,6797,122,27.0
chiaraferragni,en,unknown,,12446436,752520,2878,6.0
dylanminnette,en,female,,4657713,274656,956,6.0
katherinelangford,su,male,,8840184,835973,4032,10.0
slickwoods,en,unknown,,482125,40393,380,8.0
melissamccarthy,unknown,male,,6379412,152796,2748,2.0
selenagomez,en,female,,135288652,5392359,86120,4.0
murotsuyoshi0123,unknown,unknown,,1452293,152857,722,11.0
ohnuki_fufutime,ja,unknown,,13671,1179,18,9.0
tokyostylez,en,male,,942040,24333,416,3.0
h_amyjannet,da,male,,77656,4773,13,6.0
fentyxpuma,en,male,,840374,20203,202,2.0
kisshomaru,en,male,,18375,476,1,3.0
shinju_auclair,en,unknown,,32533,2359,49,7.000000000000001
tondabayashiran,gd,unknown,,48264,1246,1,3.0
yuriyan.retriever,en,unknown,,656795,46086,286,7.000000000000001
missymisdemeanorelliott,en,male,,1782429,32940,1407,2.0
kylehanagami,en,unknown,,553274,33851,243,6.0
damadama456,ja,unknown,,2968,315,2,11.0
goatcase,en,unknown,,701225,897,13,0.0
eloisebeauty,en,female,,79790,586,8,1.0
yokosawa_natsuko,unknown,unknown,,484390,24242,110,5.0
amic4amic4,unknown,male,,335,35,0,10.0
sekimachin,ja,unknown,,5714,748,11,13.0
rihannaturkiye,tr,female,,357078,5293,40,1.0
maisatoda_official,ja,unknown,,362263,14687,81,4.0
fumi_nikaido,xx-Qaai,unknown,,1081288,79399,397,7.000000000000001
tetsukokuroyanagi,ja,unknown,,942267,54880,383,6.0
glitterinjections,en,female,,443610,6332,79,1.0
yuni_yoshida,en,male,,115491,10453,30,9.0
iuliabarton.magazine,en,male,,125176,1554,9,1.0
jakekodish,en,male,,233882,10447,151,5.0
rakishibusawa,da,male,,812,70,1,9.0
selasidogbatse,en,male,,3930,245,19,7.000000000000001
damndella,en,male,,52311,665,27,1.0
lexluofficial,en,male,,61591,2211,52,4.0
maasaishihara,en,male,,29212,1268,11,4.0
alex_kwmt,ja,male,,11223,1061,38,10.0
ricky_magma,en,male,,8551,650,6,8.0
akofromohgirl,en,male,,3095,257,6,8.0
gcdswear,en,unknown,,161668,5739,52,4.0
wakanayamazaki,en,male,,41041,810,3,2.0
fendi,en,unknown,,8898289,36543,149,0.0
furla,en,unknown,,910291,6581,27,1.0
didofontana,en,male,,2805,69,2,3.0
alilouss,unknown,male,,515205,23260,162,5.0
2525nicole2,da,unknown,,1902732,109693,398,6.0
iroillustrations,en,unknown,,19714,574,6,3.0
asami_nemoto,unknown,male,,4222,446,7,11.0
punyus,ja,unknown,,118599,2970,2,3.0
hnkyoshimura,unknown,unknown,,142694,8843,88,6.0
sakuraando,unknown,unknown,,276024,12866,103,5.0
devonaoki,uz,male,,310657,14650,101,5.0
shota_matsuda,da,male,,1128431,39790,142,4.0
mikitiaizawa,jp,unknown,,10708,593,4,6.0
hot97summerjamtokyo,ja,male,,4060,201,5,5.0
aliciakeys,en,male,,12248684,154341,1795,1.0
nana_eikura,en,unknown,,1480451,103467,598,7.000000000000001
iwama0176,jp,male,,4460,519,11,12.0
sretsisofficial,en,male,,119283,782,1,1.0
gucci,unknown,unknown,,22669074,170940,419,1.0
sk23.10,unknown,male,,1231906,61598,408,5.0
chipichan.1215,ja,unknown,,1274969,57733,136,5.0
twoobs,en,male,,25672,425,8,2.0
fallin.love.barbie,ja,unknown,,185294,12469,90,7.000000000000001
champagnepapi,unknown,unknown,,40963650,1045922,7375,3.0
bite_me_3,ja,unknown,,58003,7901,321,14.000000000000002
justinbieber,en,female,,98346331,3816568,79602,4.0
jade_weber_official,en,male,,472235,16240,171,3.0
natsuki_shigeta,ja,unknown,,4013,125,2,3.0
beautybakeriemakeup,en,male,,455754,2825,26,1.0
etienneortega,en,male,,484889,4897,83,1.0
viva_glam_kay,en,male,,1409214,55167,597,4.0
iskra,en,male,,4070039,202715,1613,5.0
liverichmedia,en,unknown,,1153236,16633,314,1.0
makohairmakenyc,unknown,male,,600,56,1,10.0
i_am_kiko,da,unknown,,4949968,63779,227,1.0
inspirationtattoo,pt,male,,1635825,9104,67,1.0
pecotecooo,en,unknown,,1206839,35797,133,3.0
leclaireur,en,unknown,,52666,715,2,1.0
poppylissiman,en,unknown,,139308,3029,19,2.0
objectify_nyc,en,unknown,,11983,284,2,2.0
nbcsnl,en,male,,2178568,28775,374,1.0
loganpaul,en,male,,16096423,1474578,117749,10.0
seiko_1204,ja,unknown,,283203,21507,178,8.0
shamemagazine,en,male,,446600,6434,55,1.0
laurenwinzer,en,male,,241607,4208,58,2.0
yanagidamasami,unknown,unknown,,63938,1872,2,3.0
jenatkinhair,en,female,,2313968,9669,68,0.0
mizutanichieko,ja,unknown,,166015,9893,48,6.0
destinosesonhos,en,unknown,,534731,3570,68,1.0
mollymarlette,en,female,,8090,431,9,5.0
miyoshi.aa,ja,unknown,,725038,22217,259,3.0
oreirie0408,ja,unknown,,32607,751,5,2.0
703kyan,unknown,unknown,,480,28,3,6.0
iikonn,en,male,,291728,527,4,0.0
liveglenwood,unknown,male,,1723163,45967,106,3.0
djryohey,unknown,male,,1140,117,3,11.0
mycustompuppet,en,unknown,,34878,288,20,1.0
melissasassinemakeup,en,female,,478370,3344,77,1.0
katayama.noritsugu,ja,unknown,,166,17,2,11.0
egoshooter,en,male,,88994,2870,19,3.0
maxisms,en,male,,882482,28444,217,3.0
osamuchan_suzuki,ja,male,,357501,13971,63,4.0
babymaryfaline,en,unknown,,25537,259,5,1.0
melaniesfans,en,male,,63282,1511,23,2.0
taka.tkg,ja,unknown,,533685,33791,114,6.0
torivomit,da,unknown,,13140,197,1,2.0
attic_by_schritt,ja,male,,766,128,1,17.0
aiku_0817__,en,unknown,,105628,1771,11,2.0
rihannabeauties,en,female,,37771,482,6,1.0
alexstrangler,en,male,,210989,5371,125,3.0
pascalmariedesmarais,en,male,,63204,708,6,1.0
avi_kaplan,unknown,unknown,,613021,54413,564,9.0
scotthoying,en,female,,1105338,46352,470,4.0
mitchgrassi,en,male,,944376,56371,660,6.0
kolusola,en,unknown,,551463,26897,207,5.0
kirstin,en,unknown,,792888,32833,196,4.0
nikuguso_taro,ja,unknown,,657450,35217,112,5.0
scalpd_eye,ja,unknown,,1420,57,0,4.0
glitterbubblegum_,en,unknown,,46847,1123,9,2.0
theweeknd,unknown,male,,16761509,471696,12983,3.0
bigbaldhead,unknown,unknown,,5956000,191295,2205,3.0
carlibel,en,unknown,,5003653,137437,864,3.0
perihfect,en,female,,303692,6699,81,2.0
mariya_nishiuchi_official,unknown,male,,539747,33228,245,6.0
limecrime.russia,ru,male,,86226,1486,14,2.0
kendalljenner,unknown,unknown,,89131699,2804990,94891,3.0
aliciasprinkles,en,female,,4635,248,2,5.0
ptxofficial,en,unknown,,1643603,38702,294,2.0
sumire808,en,unknown,,430969,11247,65,3.0
dollskill,el,male,,1748899,29749,1242,2.0
daisukehayashinsta,ja,unknown,,1004,103,0,10.0
togaarchives,es,male,,197065,1096,0,1.0
rikiyaonishi,unknown,male,,461,77,2,17.0
lillylashes,en,female,,939109,3264,38,0.0
steveyeun,unknown,male,,3691626,179845,968,5.0
jirayu_jj,en,unknown,,4351639,170691,951,4.0
h0les_eyewear,en,male,,40803,875,19,2.0
trophywifenailart,en,male,,36013,422,9,1.0
chamloco0608,ja,unknown,,5653,124,0,2.0
miwakokakei,unknown,unknown,,1004777,21702,96,2.0
owndays_sg,en,male,,32884,599,94,2.0
lagaleriaelefante,en,male,,2088,54,1,3.0
sluizibiza,en,unknown,,17512,210,2,1.0
nervomusic,en,unknown,,1244805,21790,115,2.0
i_am_takahashi,ja,female,,696359,9055,24,1.0
bigandmilky,en,unknown,,780712,67988,837,9.0
nakedboynews,en,unknown,,12670,268,3,2.0
itsshangela,en,unknown,,618150,37989,502,6.0
namikikei,en,male,,2005,30,0,1.0
nihonhei_tsuji,en,unknown,,605,50,1,8.0
pearypie,en,unknown,,1560326,21646,39,1.0
linneatattoos,en,male,,30272,917,11,3.0
zolloc,br,unknown,,330870,10584,160,3.0
kuma_power,ja,male,,251264,20189,404,8.0
cats_of_instagram,en,male,,9077884,113019,1534,1.0
miranda_ibanez,es,unknown,,1594307,71329,290,4.0
mai_okawa_,en,male,,11959,329,10,3.0
yusuke_oishi_marcomonk,da,male,,4460,156,1,4.0
fresanaca,en,unknown,,123673,1982,15,2.0
yru,en,male,,286290,3502,31,1.0
darrensugiyama,en,male,,143704,1389,9,1.0
ayano00200,ja,male,,9379,548,10,6.0
animalsvideos,en,male,,1258628,28754,694,2.0
cocowhiteuk,en,unknown,,322739,235,8,0.0
seamusobrien,unknown,unknown,,2185381,32917,371,2.0
tensinmukai,unknown,unknown,,1236,102,2,8.0
oshimi_yasunori,ja,unknown,,2376,236,1,10.0
peachmomomomo,ja,unknown,,596,68,1,12.0
fuguriddim,en,unknown,,4105,230,0,6.0
sitabellan,en,male,,422817,11517,100,3.0
tessholliday,en,unknown,,1560881,39589,557,3.0
allnipponairways_official,en,male,,124579,2530,13,2.0
minikomi,en,male,,562,33,0,6.0
sheidlina,gd,female,,3847736,491700,2646,13.0
usvidaily,en,unknown,,111825,725,16,1.0
dolleyesny,en,female,,10379,966,17,9.0
margaret_cho,en,male,,132929,3142,56,2.0
janellemonae,en,unknown,,2168338,58874,523,3.0
saramaijewels,en,male,,166473,4770,120,3.0
baddiewinkle,en,unknown,,3365085,189572,3865,6.0
toga_xtc,ja,unknown,,38048,204,0,1.0
bellamihair,en,unknown,,1697862,9503,53,1.0
aussieplussizebarbie,en,unknown,,19673,524,19,3.0
masterkohta,unknown,unknown,,1068,73,1,7.000000000000001
alexanderwangny,en,male,,4031463,16734,131,0.0
hey_witness_me_,unknown,male,,403,74,2,19.0
kyliejenner,lv,unknown,,106416854,5047017,317006,5.0
tomocolovesmile,ja,female,,190077,17891,99,9.0
chrisjohnmillington,en,male,,475112,11489,101,2.0
atsuhikonakata,ja,unknown,,228795,9393,52,4.0
kidsaretheworst,en,male,,378194,6813,515,2.0
fujimori_shingo0317,ja,unknown,,640459,22204,90,3.0
punipuni729,ja,unknown,,14096,581,6,4.0
stl_takuji,en,male,,11350,0,0,0.0
ellirose,da,male,,236338,3732,15,2.0
ederfernaandocabelos,en,male,,156528,5562,169,4.0
shinashina0426,ja,unknown,,148530,4246,45,3.0
andiautumn,en,unknown,,112355,2436,71,2.0
babychi_official,da,unknown,,73302,3767,18,5.0
rincon_da_bully,en,unknown,,26076,809,4,3.0
tsukasa_trandy,en,unknown,,892361,33053,209,4.0
imagoharder,en,male,,832,77,4,10.0
poket1202,ja,unknown,,35526,2001,27,6.0
mrjedroot,en,male,,3465,161,8,5.0
pierre_dbl,en,male,,1390,59,0,4.0
bautistazorio,unknown,unknown,,37421,1160,14,3.0
kogenatsu920,en,unknown,,172981,3567,12,2.0
noboomanzaishi,ja,unknown,,1015455,66429,324,7.000000000000001
koyabukazutoyo_shinkigeki,ja,unknown,,1403524,16809,30,1.0
baadgaalririi,en,unknown,,191389,2191,18,1.0
margaret__zhang,en,male,,927224,12973,143,1.0
matchesfashion,en,female,,524411,1964,20,0.0
emiliawickstead,en,unknown,,84668,520,4,1.0
kenjikitamura,it,male,,2018,117,2,6.0
shu_konishi,ja,male,,14331,471,1,3.0
kyoshiro0807,ja,unknown,,439,58,4,14.000000000000002
itsjeremyscott,en,male,,1784378,11980,107,1.0
pameopose,ja,male,,70095,853,1,1.0
unaginigaoe,ja,unknown,,47064,1449,43,3.0
sara_lemur,en,male,,55139,2285,21,4.0
yamashitaphoto,en,male,,1407865,32828,208,2.0
simply_bebe_,en,male,,528762,13973,271,3.0
rolaofficial,unknown,unknown,,4783364,138511,0,3.0
jamosa148,ja,unknown,,5479,143,1,3.0
fudatzkee,da,male,,34970,840,4,2.0
vintagevandal,en,male,,144916,3750,38,3.0
kubotakazunobu,ja,unknown,,160460,9390,93,6.0
kellysoooreal,ja,unknown,,20200,149,1,1.0
chiaki77777,ja,unknown,,121466,2133,1,2.0
momomiau,en,unknown,,221,15,0,7.000000000000001
manualdacozinha,pt,male,,627885,6165,325,1.0
viviennepineapplepizzadreamer,pl,unknown,,2589,45,1,2.0
alfinetei,pt,male,,7714265,110529,6494,2.0
natgeo,en,unknown,,86988159,404880,1921,0.0
besta_hesta,en,female,,42882,2193,40,5.0
davidgomezmaestre,unknown,male,,49648,3657,24,7.000000000000001
maryamnyc,en,female,,1138569,10676,588,1.0
limecrimemakeup,en,male,,3356445,12487,50,0.0
tom_van_basten,en,male,,16892,702,2,4.0
melformakeup,pl,unknown,,2282835,3917,111,0.0
ophelia_overdose,en,male,,152502,3546,46,2.0
newinventions,en,unknown,,438536,3312,46,1.0
sincerelyjules,en,unknown,,4783833,57253,538,1.0
itsstellarose,en,female,,87698,1323,17,2.0
littlebodybigheart,da,male,,5027949,652746,0,13.0
junichi_yamaguchi,en,unknown,,80892,2009,10,2.0
harutanaka2011,ja,unknown,,3147,410,5,13.0
catcopy_official,en,unknown,,27331,259,0,1.0
kristinapimenova2005,en,unknown,,2145609,105460,916,5.0
khloekardashian,en,unknown,,74248564,1692143,8025,2.0
ellenvlora,en,female,,426611,12557,173,3.0
judychou0608,en,female,,71256,1347,6,2.0
lindsaylohan,nl,male,,6426703,158410,1609,2.0
bestvinesnow,en,male,,5004348,49628,2354,1.0
bestvidsnow,en,male,,3588463,26724,1082,1.0
fun_bestvids,en,male,,6709175,51984,2915,1.0
thelmaaoyama,unknown,male,,935070,41852,236,5.0
aronbc,ja,male,,1699,91,4,6.0
mayukoarisue,en,unknown,,118267,1820,5,2.0
hattiestewart,en,male,,67122,1178,9,2.0
bkb_bkb_bkb,ja,unknown,,69100,3096,21,5.0
yasuaki_ichimura,en,male,,2310,74,2,3.0
nas,fi,male,,4027461,68404,994,2.0
hair_ism,ja,unknown,,10206,200,2,2.0
animals_video,en,male,,2262250,25725,1000,1.0
meguruyamaguchi,da,male,,12823,846,12,7.000000000000001
yuk00shima,unknown,male,,1281114,41259,762,3.0
tunameltsmyheart,en,unknown,,1946241,56875,790,3.0
instaousado,pt,unknown,,2039370,16282,875,1.0
ladygaga,unknown,male,,28066562,352665,3450,1.0
gotham_gold,en,male,,248,28,1,12.0
yumass_44,en,unknown,,936,63,1,7.000000000000001
nowhere_fc,en,male,,18603,879,10,5.0
blacchyna,en,female,,14140945,106328,594,1.0
kimkardashian,da,female,,109617660,1942838,16717,2.0
feralcreature,en,female,,430665,7852,75,2.0
sissonne_jiro,ja,unknown,,40759,3256,21,8.0
monicasordobk,en,female,,27822,449,19,2.0
nicolerichie,en,male,,4048779,47061,657,1.0
toriicamera,en,unknown,,4676,173,3,4.0
xkatyperry,en,male,,575740,5812,45,1.0
kaotic_von,en,male,,173781,483,62,0.0
danyostagram,en,female,,58301,5540,20,10.0
bradleytheodore,en,unknown,,63202,951,21,2.0
benibooo,da,unknown,,228987,5455,27,2.0
redcarpetman,en,unknown,,606622,6247,14,1.0
saramary12,ja,unknown,,131954,1903,7,1.0
masami_nagasawa,unknown,unknown,,2457610,66272,494,3.0
munehirovoice,ja,unknown,,298093,8496,35,3.0
chaelincl,unknown,male,,6871412,302865,3929,4.0
mileycyrus,en,male,,74895469,546176,3914,1.0
lilyallen,rn,unknown,,827927,27326,360,3.0
majorlazer,en,male,,3395200,43461,325,1.0
miamatangi,it,unknown,,870777,35297,423,4.0
fuckjerry,en,male,,13452443,484310,15701,4.0
kenleycollins,en,male,,83298,710,9,1.0
whitneylaurenco,en,unknown,,2510,102,3,4.0
modernjunecleaver,en,male,,91311,3972,62,4.0
pinupgirlclothing,en,male,,460293,1289,7,0.0
kellyosbourne,en,male,,2212374,50181,735,2.0
xoxlilinxox,en,unknown,,6571,207,6,3.0
tinatassels,en,female,,2734,41,2,2.0
patriciafield,en,male,,90702,755,13,1.0
tatyanaboutique,en,female,,49918,439,5,1.0
songofstyle,en,male,,4788593,38629,431,1.0
riechinladidadi,en,unknown,,10820,206,2,2.0
higashinodesu,ja,unknown,,380510,11803,85,3.0
okamuradesu,unknown,unknown,,1355857,120198,647,9.0
sonim_official,en,unknown,,19100,1411,15,7.000000000000001
virginhairobsession,en,male,,132571,294,24,0.0
pumpcamp,en,female,,3624,218,20,7.000000000000001
deetrannybear,en,male,,13762,172,5,1.0
hellojonte,en,unknown,,51687,1360,63,3.0
gumminyc,en,unknown,,1930,45,0,2.0
maioshima911,da,male,,74244,3596,51,5.0
littlesunnybiteyoppy,en,female,,72623,894,5,1.0
matushiho,ja,unknown,,6181,486,5,8.0
tenjikunezumikawahara,zh-Hant,unknown,,192146,11090,112,6.0
matsuoshun,unknown,unknown,,22736,2446,17,11.0
aayan1120,en,unknown,,921160,77534,1479,9.0
becky_dayo,ja,unknown,,1372785,29608,156,2.0
japan_wacky,ja,unknown,,89794,2805,23,3.0
murakami_jung,ja,unknown,,14830,636,8,4.0
hayamitakeda,da,male,,2435,69,0,3.0
ezakitakafumi,unknown,male,,3292,213,2,7.000000000000001
katyperry,en,male,,69045796,415315,3711,1.0
beyonce,en,unknown,,113332897,3108958,35430,3.0
matumiho,ja,unknown,,3025,247,6,8.0
_megbaby_,en,unknown,,876774,10686,28,1.0
toromurata,ja,unknown,,52249,9350,445,19.0
wakana__kaneko,en,male,,12030,272,2,2.0
eieioieie,ja,male,,11716,424,2,4.0
kiyokoodo,en,male,,3411,178,3,5.0
kh_kidhulk,unknown,unknown,,951,83,0,9.0
chikatakei,en,male,,17757,800,8,5.0
alisaueno,en,female,,299688,5056,16,2.0
jerryosully,en,male,,2285,127,4,6.0
james_re,en,male,,4250,260,4,6.0
gemmaoaf,en,unknown,,6417,341,6,5.0
lazyoafs,en,male,,697391,20066,348,3.0
reirei045,ja,unknown,,1677,109,3,7.000000000000001
sincerelybeatriz,en,unknown,,98640,197,2,0.0
georgerootnyc,ja,unknown,,50437,1159,6,2.0
malicamcam,unknown,unknown,,298,53,2,18.0
yuyanara,ja,female,,178662,3720,22,2.0
galaxxxyrocks,da,male,,32412,524,2,2.0
badgalriri,en,unknown,,61223383,2075435,22799,3.0
emisuzuki_official,en,male,,1026525,23222,50,2.0
poledancermaki,ja,unknown,,980,49,2,5.0
sakaguchi_kaiju,ja,unknown,,1369,95,1,7.000000000000001
obayashi0406,da,unknown,,11468,687,6,6.0
osadashouhei,ja,unknown,,25321,3570,61,14.000000000000002
sissonne_hasegawa,da,unknown,,25490,1250,8,5.0
kiminobukanenari,ja,unknown,,3541,205,6,6.0
kawashimaakiyoshi,ja,unknown,,32553,1690,12,5.0
hirohisaota,ja,unknown,,139603,8320,24,6.0
graceladoja,en,female,,27802,1527,42,6.0
_izapa,en,male,,2569,74,2,3.0
wangziwen,unknown,unknown,,46690,933,11,2.0
1800holly,en,unknown,,4726,373,18,8.0
yuuivision,en,unknown,,5046,217,5,4.0
corneliusofficial,en,unknown,,17533,1268,9,7.000000000000001
moffygathornehardy,unknown,unknown,,5863,511,8,9.0
hystericglamour_,ja,unknown,,384,57,0,15.0
viride_k,unknown,unknown,,152,14,1,10.0
virgilabloh,en,unknown,,1932232,83761,1889,4.0
benedek___,unknown,unknown,,3011,120,3,4.0
resurrectionvintage,unknown,unknown,,23077,221,6,1.0
miki_ehara,ja,unknown,,13721,1278,28,10.0
fujiwarahiroshi,unknown,unknown,,251070,2249,6,1.0
kohei_326,da,unknown,,4677,534,8,12.0
thibault_restage,en,male,,760,85,1,11.0
lanzybear,en,male,,171919,2425,61,1.0
hannamoon69,en,female,,10703,529,12,5.0
yuming_official,ja,male,,15721,1525,49,10.0
susiebubble,en,female,,409294,3616,37,1.0
moonchild,en,male,,104494,1771,27,2.0
ines.alpha,en,male,,7899,810,19,10.0
nhinako_makeup,en,unknown,,2005,119,3,6.0
chiga4649gf,ja,unknown,,2603,101,2,4.0
laurenperez,en,male,,251385,5248,28,2.0
livvperez,en,female,,79216,1670,25,2.0
jessejostark,en,male,,149485,4306,32,3.0
bobsassistant,en,unknown,,68159,2773,24,4.0
simihaze,en,unknown,,644764,28762,172,4.0
shiolikutsuna,unknown,unknown,,84381,5551,31,7.000000000000001
an9lina,pl,unknown,,335992,7515,17,2.0
danadelaney,en,female,,10133,233,10,2.0
rovvxhyo,unknown,male,,1671583,48741,344,3.0
ployyyyy,en,unknown,,141059,3860,18,3.0
mehta_a,en,male,,310162,9439,57,3.0
lilmami_lani,en,unknown,,83185,3481,40,4.0
bellacampen,en,unknown,,3975807,423979,4231,11.0
winnieharlow,en,unknown,,3012110,127152,799,4.0
cclapril,zh-Hant,male,,230,44,4,21.0
jarodwang,en,male,,915,95,3,11.0
jeromepulis,unknown,male,,5421,279,12,5.0
illusomina,unknown,unknown,,1297326,98169,621,8.0
louissimonon,en,male,,2081,72,3,4.0
viviluvsgalbi,en,unknown,,2070,135,11,7.000000000000001
_masako_desu_,unknown,unknown,,580,41,1,7.000000000000001
michellesalem,en,male,,8396,474,9,6.0
tibetnchina,en,male,,3253,78,3,2.0
ganio,en,unknown,,7509,212,8,3.0
thomasdekluyver,sv,male,,19456,588,8,3.0
crystalkayofficial,en,female,,240775,8883,59,4.0
mona__offi,en,male,,159387,1971,11,1.0
therealcarollim,unknown,male,,1187,273,13,24.0
cisforcarissa,en,female,,26113,2798,41,11.0
caitlindechelle,en,male,,52199,1760,40,3.0
harrysugiyama,en,male,,25472,904,15,4.0
diplo,en,unknown,,4186324,83669,717,2.0
diormakeup,en,female,,2771684,14773,76,1.0
puppystagrams,en,male,,1652653,26612,987,2.0
richardquinn1,en,female,,47431,2476,18,5.0
sza,pl,male,,3867313,379613,3987,10.0
_megbaby_,en,unknown,,876770,10687,28,1.0
damikwon_,en,unknown,,436355,7454,34,2.0
stuartvevers,en,unknown,,167056,2266,31,1.0
bubble____t,en,unknown,,3949,106,2,3.0
yumikoohno,en,male,,757,99,2,13.0
gonzagonzales,unknown,unknown,,126,25,2,21.0
jasminthesky,unknown,male,,342,59,6,19.0
ichikoaoba,da,male,,7860,385,1,5.0
dianaross,unknown,male,,180096,13198,401,8.0
jonlent,unknown,unknown,,30639,1899,43,6.0
lilymcmenamy,unknown,unknown,,23548,1120,28,5.0
loveisbailey,en,female,,16415,578,16,4.0
katorishingo_official,unknown,unknown,,1471942,134240,2696,9.0
bradbradbbbrad,unknown,unknown,,1829,201,4,11.0
sabronicle,unknown,female,,1758,110,3,6.0
mari_natsuki,en,female,,181697,4600,17,3.0
coach,en,unknown,,2566785,10615,54,0.0
ssinz7,unknown,unknown,,8020819,400061,3001,5.0
itsshangela,en,unknown,,618488,38258,505,6.0
humberto,unknown,male,,100042,920,32,1.0
hollyfalconenails,en,male,,8305,281,11,4.0
lilisumner,unknown,male,,23884,900,15,4.0
amaelsesser,en,male,,14371,992,18,7.000000000000001
iamhyunjishin,en,male,,34236,1566,17,5.0
hello_kijeong,en,male,,18504,460,5,3.0
daniela_kocianova,unknown,unknown,,5472,269,7,5.0
kallienyc,en,unknown,,1155,114,6,10.0
yuki_not_rinko,xx-Qaai,male,,17435,932,22,5.0
lastlizard808,en,male,,6887,260,5,4.0
oymdmilo,gd,unknown,,4595,416,2,9.0
keichen920,en,male,,2622,137,1,5.0
xxhikarixx,da,unknown,,1038382,34965,92,3.0
agentprovocateur,en,male,,717099,15035,84,2.0
aylabirdz,unknown,unknown,,3567,217,3,6.0
sanrio,en,unknown,,437719,7430,71,2.0
qs86_shuhei,en,unknown,,868890,61885,297,7.000000000000001
fannybourdettedonon,unknown,unknown,,68256,3179,36,5.0
kisaton0728,xx-Qaai,unknown,,259,45,2,18.0
amiidemusic,en,unknown,,6028,248,11,4.0
patrickpaigeii,en,unknown,,10501,1128,45,11.0
cindysherman,unknown,male,,178896,13973,203,8.0
skmtgram,en,male,,18317,1809,31,10.0
room66_yukihiro,ja,male,,21832,1870,12,9.0
salinagram,en,male,,10724,981,13,9.0
fadil.shi,unknown,male,,2307,51,0,2.0
tarolingal,en,male,,2554,150,4,6.0
butterthansex,en,male,,898,168,4,19.0
uichiyamamoto,unknown,unknown,,5562,269,2,5.0
yo_mad,en,male,,3679,196,2,5.0
_erina_nakagawa_,en,female,,1613,150,1,9.0
onnacodomo,en,unknown,,627,45,0,7.000000000000001
masumisakamoto,en,male,,7902,244,2,3.0
nickiminaj,unknown,unknown,,85947610,698272,7184,1.0
sqwhat,zh-Hant,male,,2124281,15891,139,1.0
kaorudaccha,ja,unknown,,14168,787,11,6.0
stylemgt,en,male,,4428,47,1,1.0
kaela_official,tn,male,,342737,15154,120,4.0
kaela_official,tn,male,,342562,15188,120,4.0
rieshiraishi1220,en,female,,17630,205,0,1.0
jikejunyi,unknown,unknown,,178863,351,3,0.0
allisonyarid,en,male,,2396,320,8,14.000000000000002
sharnelinnn,unknown,unknown,,568,34,2,6.0
nimu_1021,ja,unknown,,3893,155,8,4.0
hosonoharuomi_info,unknown,male,,10465,1595,19,15.0
yoshikazuyamagata,en,male,,5780,225,0,4.0
writtenafterwards,en,unknown,,2164,46,0,2.0
nakajo_ayami,unknown,unknown,,430568,43278,0,10.0
amimono_horinouchi,da,unknown,,3580,354,6,10.0
pocasians_,en,unknown,,12576,3998,135,33.0
i_am_kiko_ok,xx-Qaai,unknown,,454,52,0,11.0
fishdoll,en,unknown,,2257,206,15,10.0
dice_kkkk,en,unknown,,3666,357,8,10.0
seiho777,en,unknown,,12816,891,8,7.000000000000001
chic0__________,en,male,,812,20,1,3.0
iamcardib,en,male,,20493320,696758,13273,3.0
dj_poipoi,en,unknown,,2263,194,9,9.0
iamnaomicampbell,en,male,,4946497,59924,747,1.0
_miugram_,ja,unknown,,58693,3037,11,5.0
mariasatelles,en,male,,10795,170,2,2.0
pompomshop_tokyo,en,unknown,,3449,125,0,4.0
qiezimabo,en,male,,2567,131,0,5.0
kom_i_jp,jp,unknown,,145089,6368,29,4.0
officekiko,en,unknown,,21533,2386,9,11.0
tsugumi_jp,ja,unknown,,8031,725,9,9.0
yuroom,da,female,,14068,451,0,3.0
watanabe_makiko,ja,unknown,,7758,444,5,6.0
osamuchan_suzuki,ja,male,,357525,13116,55,4.0
elliechimpom,en,female,,35648,861,7,2.0
ayumu_arisaka,en,male,,1017,116,1,12.0
ghettohollywood,en,male,,30065,549,3,2.0
iibbuukkii_,unknown,unknown,,7165,488,2,7.000000000000001
take_1001,en,male,,1606,89,1,6.0
kataokameriyasu,ja,unknown,,16408,323,2,2.0
harukadebeau,sv,male,,1173,86,2,8.0
alexwangny,en,male,,148976,8789,147,6.0
samuel_ellis,sn,male,,27280,511,8,2.0
christiancowan,unknown,male,,56113,2839,48,5.0
sola5532,el,male,,125160,4329,25,3.0
cochon_j,en,female,,28063,631,4,2.0
alexanderwangny,en,male,,4033927,16765,132,0.0
ez_ez_ez_,en,male,,5719,202,4,4.0
selenaforrest,en,female,,50499,2818,72,6.0
9m88,en,male,,50782,3394,10,7.000000000000001
fumikoimano,en,female,,3952,209,5,5.0
a0_zhang,unknown,unknown,,1362,73,0,5.0
akitakanakata,ja,male,,5815,323,6,6.0
hijiriendo,unknown,male,,1779,142,2,8.0
fukkura029,unknown,unknown,,609,60,1,10.0
akari_amami,ja,female,,15336,2156,11,14.000000000000002
jeffreybaum,en,male,,4509,121,4,3.0
shibuyachokkaku,unknown,unknown,,4588,253,1,6.0
exile_atsushi_official,en,male,,846653,103096,1259,12.0
djremus_choy,unknown,female,,14592,514,27,4.0
hitoshione,unknown,unknown,,6140,317,1,5.0
maruyacco,unknown,female,,859,70,1,8.0
tomohiro1820,en,male,,1581,115,1,7.000000000000001
1risy,en,unknown,,13191,623,6,5.0
trunk_seoul,en,unknown,,4661,108,1,2.0
yosuke_kubozuka,ja,unknown,,450520,22813,48,5.0
alexachung,unknown,unknown,,2983171,26838,117,1.0
ricochennn,en,male,,18909,512,2,3.0
momokoando,unknown,unknown,,19730,468,2,2.0
thisisneneee,da,unknown,,3997,319,7,8.0
aya_gloomy,en,female,,8979,620,3,7.000000000000001
lianaperlich,en,unknown,,6438,553,6,9.0
connanmockasin,unknown,unknown,,39477,4831,132,13.0
hiromioshima,en,male,,121084,2548,66,2.0
bobobobobob58,en,unknown,,17561,1228,3,7.000000000000001
isshehungry,en,unknown,,247597,28395,204,12.0
bjennymontero,cs,male,,57571,6765,115,12.0
bobswang,tn,male,,1559,117,7,8.0
terrybarberonbeauty,en,unknown,,74401,2944,29,4.0
theladymisskier,unknown,male,,11001,658,28,6.0
warniermathilde,en,male,,24475,833,7,3.0
chaelincl,unknown,male,,6875463,325636,4678,5.0
wizkhalifa,en,male,,19333837,373090,3406,2.0
directoryservice,en,unknown,,687,53,0,8.0
rina_matsunuma,unknown,unknown,,5943,202,6,3.0
damionreid,en,male,,4259,180,6,4.0
nathalie_ducheine,en,unknown,,36820,724,3,2.0
realnalyyn,en,unknown,,15256,526,2,3.0
patsutithon,en,unknown,,5290,194,4,4.0
maftsai,en,male,,5207,76,1,1.0
mistermaxlee,unknown,male,,2474,114,3,5.0
pixielepest,en,male,,1460,76,2,5.0
kitty_theo,sg,unknown,,6464,446,17,7.000000000000001
staceytan_,en,male,,17638,319,8,2.0
h2_ho,en,unknown,,767,86,4,12.0
missingtextures,en,female,,1489,124,4,9.0
an0mie,en,male,,13447,633,6,5.0
ageofaquaria,en,unknown,,369060,49984,443,14.000000000000002
ella.dror,unknown,female,,11285,89,3,1.0
cbroadus,en,male,,711869,12146,152,2.0
issalien,unknown,female,,39559,1559,21,4.0
liuwenlw,en,female,,3820897,69458,429,2.0
mehdilacoste_,en,male,,14498,1000,9,7.000000000000001
adwoaaboah,en,unknown,,556413,25324,204,5.0
slickwoods,en,unknown,,482424,40430,380,8.0
danilo,unknown,female,,92929,591,14,1.0
yehaleung,en,male,,43547,2211,23,5.0
creepyyeha,en,male,,433709,12391,52,3.0
misuzumiyake,en,male,,1787,175,2,10.0
evachen212,en,female,,866941,14895,124,2.0
graciehartzel,en,unknown,,82243,3624,34,4.0
kevin,en,unknown,,1527605,14363,821,1.0
pitersugar,unknown,unknown,,56179,4809,88,9.0
minikikiipad,unknown,female,,136308,24576,150,18.0
macdemarco,unknown,unknown,,1007659,144017,1377,14.000000000000002
tomojidai,en,unknown,,4626,164,3,4.0
marcsebastianf,en,male,,24661,1923,18,8.0
hot92.3,gd,male,,3328,235,5,7.000000000000001
masatomatsuura,da,male,,354395,17566,95,5.0
i_am_yunn,ja,unknown,,7955,354,0,4.0
yoshio_wakatsuki,rn,male,,3469,246,14,7.000000000000001
nobuhikokitamura,unknown,unknown,,2235,131,1,6.0
mdcdance,en,male,,1086944,14324,146,1.0
ikkei_takahashi,da,male,,5644,339,3,6.0
dior,en,male,,18920086,66138,247,0.0
chara_official_,unknown,unknown,,158714,8253,40,5.0
smilehalgryn,jp,unknown,,88300,6426,20,7.000000000000001
magnif_zinebocho,en,unknown,,18100,306,1,2.0
slurp.tv,en,unknown,,10371,307,12,3.0
getmezzy,en,unknown,,4168,259,7,6.0
unifnightmare,en,unknown,,23556,4112,237,18.0
sonoya,unknown,male,,48046,2246,52,5.0
brian__molloy,unknown,male,,5251,254,4,5.0
dorianelectra,en,female,,9691,621,13,7.000000000000001
samantha.ny,unknown,unknown,,3337,184,6,6.0
moodkillerdotnet,en,male,,3437,292,6,9.0
vaquera.nyc,pl,unknown,,33259,1042,9,3.0
jennyshimizu,en,male,,18562,482,15,3.0
michellevioly,en,female,,83189,1251,18,2.0
kevko,en,unknown,,2824,121,9,5.0
edwardvigiletti,unknown,unknown,,7422,572,18,8.0
dannip18,en,male,,148677,2979,73,2.0
yuriyan.retriever,en,unknown,,657236,46107,286,7.000000000000001
mdollas11,en,unknown,,882495,12814,233,1.0
peterphilipsmakeup,en,unknown,,265861,3348,50,1.0
saramary12,ja,unknown,,132004,1910,7,1.0
hisvintagetouch,en,female,,158842,2390,40,2.0
indianapiorek,en,unknown,,2618,187,3,7.000000000000001
richieshazam,en,male,,20608,1332,36,7.000000000000001
ryon01,gd,male,,17287,1804,26,11.0
trentongarrickvelarde,en,unknown,,1612,153,4,10.0
chinpira_yukiakai,ja,unknown,,144,20,1,15.0
airi_kamiya,en,unknown,,5857,400,3,7.000000000000001
jurin_asaya,nl,male,,25655,2236,27,9.0
nailsbymei,en,male,,85571,460,4,1.0
markpopovich,unknown,male,,717,110,4,16.0
shopunif,en,unknown,,133740,3042,5,2.0
domichan15,unknown,male,,3147,344,9,11.0
yukiiii88,ja,unknown,,2221,177,3,8.0
doghjk,da,male,,29600,228,1,1.0
virgomood,en,unknown,,255111,4786,15,2.0
artschool_london,en,male,,15621,714,9,5.0
dilarafindikoglu,af,unknown,,68087,4451,50,7.000000000000001
wingshya,unknown,female,,39473,387,5,1.0
____foxy____,ja,unknown,,65482,1896,7,3.0
estherlovesyou,es,unknown,,55399,2191,67,4.0
area,unknown,male,,29762,879,9,3.0
addydydy,en,unknown,,775,92,3,12.0
yurinagamine,ja,male,,4153,132,2,3.0
queenpinanina,ja,unknown,,1430,159,4,11.0
ando_nico,da,unknown,,23756,868,21,4.0
mug_gvgv,en,unknown,,18342,290,7,2.0
wukong_qq,en,unknown,,39426,2890,71,8.0
90ssupermodelsdaily,en,unknown,,307913,2936,11,1.0
lucygarland,en,male,,74097,7845,74,11.0
nicopanda,en,unknown,,99229,843,11,1.0
planetxnewyork,en,unknown,,10511,351,5,3.0
venusxgg,en,unknown,,57361,2586,45,5.0
daftpunk,unknown,male,,286160,11805,219,4.0
alex1012,gn,male,,4830,188,3,4.0
snoopdogg,en,unknown,,22340132,29499,584,0.0
uzumaki.gallery,en,unknown,,35720,2003,30,6.0
kkanance,en,male,,3108,177,3,6.0
chiseninja,en,male,,9379,378,10,4.0
ayayan0327,en,female,,9496,231,13,3.0
littlethunder,en,male,,393647,13952,77,4.0
misakinodon,ja,unknown,,285033,11711,10,4.0
canakoxx,en,male,,10367,313,3,3.0
gwns,unknown,unknown,,1504,58,0,4.0
warrenjfu,en,male,,16400,1066,36,7.000000000000001
2525nicole2,da,unknown,,1904300,109839,401,6.0
eddie_cook,en,male,,6257,337,5,5.0
wangwei_instagram,en,unknown,,22680,714,3,3.0
hanaquist,mfe,unknown,,25092,1957,25,8.0
harrycharlesworth,unknown,male,,24727,1094,11,4.0
themarcjacobs,unknown,male,,935397,13051,158,1.0
stevenkleinstudio,en,male,,561964,3826,36,1.0
itsjeremyscott,en,male,,1784747,10884,104,1.0
coconutsdisk_yoyogi,ja,unknown,,985,51,0,5.0
amandalepore,en,male,,289397,3180,26,1.0
giakuan,vi,male,,8527,249,4,3.0
quaydash,en,male,,5534,620,21,12.0
marin_neh,unknown,male,,1022,85,3,9.0
zattsuami,en,male,,766,91,10,13.0
mari.by.mno.5_co,ja,male,,5651,237,4,4.0
uhmmwhat,en,male,,4590,189,11,4.0
ericschlosberg,en,male,,10222,933,9,9.0
hinamizoguchi,da,female,,4293,327,6,8.0
chineseschooldropout,pl,unknown,,733,69,2,10.0
sean_charmatz,en,unknown,,886795,44915,143,5.0
mysteriousasianwoman,en,unknown,,5346,410,4,8.0
theweeknd,unknown,male,,16798086,525669,14944,3.0
craazy_lil_mama,en,male,,21745,734,15,3.0
official_lady_bunny,en,male,,78598,4299,116,6.0
mizuki_yamamoto_official,ja,male,,560254,35233,241,6.0
asapserz,unknown,unknown,,3908,128,2,3.0
naominailsnyc,en,male,,156173,779,17,1.0
diorinthe2000s,en,unknown,,26097,755,5,3.0
reedandrader,en,male,,5737,101,3,2.0
carlynecerfdedudzeele,en,unknown,,391065,2772,54,1.0
kevin_amato,en,male,,19619,795,21,4.0
ryburk,en,male,,144340,9688,112,7.000000000000001
ladyfag,en,unknown,,78167,1086,23,1.0
willam,en,unknown,,812838,16296,150,2.0
hannah_quinlivan,unknown,male,,597573,41057,478,7.000000000000001
elly,en,female,,132266,1817,32,1.0
rinchan521,ja,unknown,,1502497,13232,24,1.0
yostazyo,en,unknown,,70841,1434,27,2.0
shmaaab,en,unknown,,2560,222,6,9.0
mariahcarey,en,female,,6648723,158722,3816,2.0
rupaulsdragrace,en,male,,1797509,43455,529,2.0
dddddragon,en,male,,9851,570,2,6.0
juna_boomboom,ja,male,,2687,190,9,7.000000000000001
tomonyan55,en,male,,1629,97,5,6.0
kamimuu,ja,male,,3434,126,1,4.0
shinosuganuma,en,unknown,,5069,202,6,4.0
a.com524,unknown,male,,1136,110,5,10.0
goldfinger_staff,en,male,,1772,22,0,1.0
toddoldham,unknown,male,,34080,1447,34,4.0
c.v.c_8,en,unknown,,4762,433,2,9.0
hanzawatt,unknown,unknown,,813,82,0,10.0
panasonic_beauty,ja,unknown,,32828,996,1,3.0
voguehouseofnewyork,en,male,,71203,4318,281,6.0
crystalcl3arr,no,male,,39140,3996,26,10.0
langleee,unknown,female,,5299,65,1,1.0
jackydonegun,xh,male,,2683,184,13,7.000000000000001
arcangelsurfware,en,unknown,,4215,139,1,3.0
_nguan_,en,unknown,,129040,7090,20,6.0
rupaulofficial,rm,male,,1967402,62708,1283,3.0
everyoutfitonsatc,en,female,,451494,22631,637,5.0
shesvague,en,male,,214483,5587,130,3.0
sickocartel,en,male,,26044,535,2,2.0
missfamenyc,en,male,,935670,18010,192,2.0
karimbelghiran,unknown,unknown,,12766,360,12,3.0
badbadnotgood,unknown,unknown,,62721,3525,57,6.0
ozpurple,en,male,,113343,709,7,1.0
pearliaison,en,unknown,,954460,66123,701,7.000000000000001
michaelbaileygates,unknown,unknown,,47716,1767,27,4.0
thomaswhiteside,en,male,,31363,817,18,3.0
wastedyouthnlove,en,male,,16943,1466,8,9.0
wewearunif,en,male,,40329,1656,2,4.0
spicegirlsvideos,en,female,,71626,597,11,1.0
tokyostylez,en,male,,942537,24604,423,3.0
patmcgrathreal,gd,male,,1860568,13071,218,1.0
dj_muro,en,male,,43467,1135,6,3.0
thelinebyk,en,male,,57986,994,6,2.0
skatecrunchmag,en,male,,740168,8436,122,1.0
kunichi_nomura,en,male,,33047,1586,10,5.0
ggsanoo,ja,unknown,,3540,120,1,3.0
erikaiwamoto,en,unknown,,1900,103,3,6.0
soojmooj,en,male,,531274,8111,53,2.0
akoakotanaka,ja,male,,15506,328,2,2.0
kano_sisters007,en,male,,419837,21522,101,5.0
jmallinsonb,en,male,,9292,573,15,6.0
sutanamrull,en,male,,623818,31878,223,5.0
katya_zamo,unknown,unknown,,1233412,56214,880,5.0
toku__,unknown,unknown,,3272,216,4,7.000000000000001
wbasebicyclegarage,ja,male,,17995,333,0,2.0
kutful,unknown,unknown,,7364,52,1,1.0
sateenmusic,en,unknown,,74816,4974,81,7.000000000000001
jessicabh,en,male,,1929,164,8,9.0
bbyg6rl,unknown,female,,303322,24845,186,8.0
charlottedaywilson,en,female,,17895,2190,67,13.0
simmishoes,en,unknown,,919832,5928,57,1.0
yuyanara,ja,female,,178730,3723,22,2.0
sereeeenam,en,unknown,,147531,13039,35,9.0
h_amyjannet,da,male,,77634,5062,14,7.000000000000001
fentyxpuma,en,male,,844685,22421,216,3.0
catbooty0425,en,male,,20656,842,9,4.0
ray_leesie,en,male,,25019,907,27,4.0
rabylove_,en,unknown,,12967,385,8,3.0
annapesonen,no,male,,12719,314,6,3.0
soapmanwun,en,unknown,,638971,40757,1338,7.000000000000001
golfwang,xx-Qaai,male,,709497,56491,647,8.0
_kintaro_,en,unknown,,10141,381,9,4.0
kyliejenner,lv,unknown,,106447641,5062643,337654,5.0
bellahadid,en,unknown,,17337756,485437,1714,3.0
amandlastenberg,en,unknown,,1616269,101664,644,6.0
saintrecords,unknown,unknown,,3543115,47175,289,1.0
goldlink,en,unknown,,237041,20246,309,9.0
kaytranada,en,unknown,,339659,31591,585,9.0
thenatenightshow,unknown,male,,821,128,14,17.0
verbal_ambush,en,unknown,,452914,16690,100,4.0
yanismarshall,en,male,,644625,5290,33,1.0
mizutanichieko,ja,unknown,,166112,9893,48,6.0
miracle_hikaru_official,unknown,unknown,,12036,615,5,5.0
msl_kevin,unknown,unknown,,373,73,3,20.0
uchinoyohei,da,unknown,,9478,512,5,5.0
eeemipo,unknown,male,,402,70,3,18.0
satokayo1226,en,unknown,,82575,1862,19,2.0
thatgirlsussi,unknown,male,,81786,2576,18,3.0
taybarom,en,unknown,,6458,148,3,2.0
pimstarr,en,unknown,,19954,312,3,2.0
duangposh,en,unknown,,54848,107,1,0.0
gildaskitsune,en,male,,55853,871,10,2.0
earnchen,en,male,,17079,126,1,1.0
takanobuyasukawa,unknown,unknown,,324,35,2,11.0
trixiemattel,en,male,,1103879,80400,896,7.000000000000001
lilhoneyprincess,ja,unknown,,17202,613,9,4.0
swankfuck_inc,unknown,male,,205264,12879,2316,7.000000000000001
fingermonkey,fr,female,,464406,23493,4,5.0
a_li_godog,rw,male,,7990,542,9,7.000000000000001
brookecandy,en,female,,308524,12851,120,4.0
courtneyact,en,male,,1021841,31079,384,3.0
rarevintagejewellery,en,male,,1433,25,0,2.0
henson,en,male,,38479,3096,80,8.0
annyversary,no,male,,47389,1704,19,4.0
kimkardashian,da,female,,109667483,2084912,17797,2.0
elesq,en,male,,156810,9145,30,6.0
pooburr,en,male,,41634,896,3,2.0
jinsangbeats,pl,unknown,,9290,1132,42,13.0
babbym,unknown,male,,31158,1016,14,3.0
ornacia,en,unknown,,2900,397,28,15.0
lucialiustylist,wo,unknown,,38087,684,5,2.0
othongthai,en,male,,11122,175,6,2.0
stephenjonesmillinery,unknown,male,,53964,945,17,2.0
helenevasniermua,en,unknown,,1993,97,2,5.0
curlybaby_lilika,ja,male,,100304,2807,9,3.0
palomospain,unknown,male,,125727,7054,60,6.0
polaraki,en,unknown,,1364,151,1,11.0
thebiancadelrio,en,male,,1393192,28334,175,2.0
tetsukokuroyanagi,ja,unknown,,944507,55006,387,6.0
mini_han,en,unknown,,22535,446,6,2.0
anaismiysk,ja,unknown,,622,66,2,11.0
karenwsm,en,unknown,,11297,407,5,4.0
sifestyle_hk,en,unknown,,15158,226,4,2.0
michellevisage,en,male,,721785,16184,624,2.0
latriceroyale,en,male,,597168,24218,342,4.0
alyssaedwards_1,en,male,,979476,73231,1280,8.0
sharonneedlespgh,en,male,,857050,35698,422,4.0
kokokoharu,ja,unknown,,225475,8147,31,4.0
friendswithyou,en,unknown,,63539,1374,35,2.0
angelababyct,unknown,unknown,,6350858,156987,1166,2.0
enminmin,en,unknown,,7252,156,4,2.0
mimiye0914,unknown,unknown,,2930,133,3,5.0
yusukesaeki,en,unknown,,12585,321,3,3.0
julesjulianmei,da,unknown,,453,49,3,11.0
choiyikwan,da,unknown,,1083,32,1,3.0
theonlyalaska5000,unknown,unknown,,1332454,53584,412,4.0
innitbabes,xx-Qaai,unknown,,2156,138,4,7.000000000000001
mimi.wade,da,unknown,,24753,903,12,4.0
ryanlostudio,ja,unknown,,15327,260,1,2.0
vannakitty,en,unknown,,8980,267,4,3.0
mingblingbling,en,unknown,,26091,1019,7,4.0
palefoxsahara,en,unknown,,31212,1936,20,6.0
chenman,en,unknown,,333067,1538,27,0.0
larryclarkfilms,en,unknown,,44199,1028,0,2.0
lou_dallas,en,unknown,,5174,242,2,5.0
karifaux,unknown,unknown,,31123,2117,51,7.000000000000001
kinoshitamanami,ja,unknown,,8609,417,6,5.0
sitabellan,en,unknown,,422729,11561,101,3.0
catserval,ja,unknown,,115773,1688,72,2.0
saracummings,en,unknown,,52014,2356,44,5.0
megumu_offi,da,unknown,,91032,2596,13,3.0
juliasumire,en,unknown,,34187,917,5,3.0
yukibeniya,ja,unknown,,8749,691,10,8.0
___cutters___,unknown,unknown,,940,69,1,7.000000000000001
peli4649,da,unknown,,14354,412,5,3.0
yucongyucong,en,unknown,,2381,33,1,1.0
hi_summer_,en,unknown,,14493,112,2,1.0
bebekimxx,unknown,unknown,,4621,74,2,2.0
phonyppl,en,unknown,,23088,844,16,4.0
maffyuu,en,unknown,,3396,242,14,8.0
hiroshipenguinjoe,unknown,unknown,,5356,239,2,4.0
naomismalls,en,unknown,,756619,51042,336,7.000000000000001
violetchachki,unknown,unknown,,1150663,59138,530,5.0
tom_wesselmann,en,unknown,,22753,947,9,4.0
ryanmichaelford,unknown,unknown,,3947,216,8,6.0
editorialmag,no,unknown,,47074,927,11,2.0
othergirl_julia,en,unknown,,33761,986,13,3.0
gabbriette,en,unknown,,40912,3599,30,9.0
madamekush,da,unknown,,16073,1186,8,7.000000000000001
rifflevin,unknown,unknown,,7111,312,12,5.0
lilnicegirl,en,unknown,,16310,804,12,5.0
kimchi_chic,en,unknown,,1281888,84334,488,7.000000000000001
richardchai,unknown,unknown,,28928,342,3,1.0
_m_a_r_c_o,en,unknown,,6566,287,3,4.0
smoothiethecat,en,unknown,,1377416,75029,612,5.0
nasirmazhar,unknown,unknown,,52663,948,13,2.0
whothefuckiseric,unknown,unknown,,3495,162,9,5.0
juan9ann,unknown,unknown,,44492,3668,24,8.0
claire_barrow,chr,unknown,,33706,647,7,2.0
poydtreechada,en,unknown,,2561986,23583,90,1.0
amykuroda,unknown,unknown,,18324,1431,43,8.0
sydn4sty,pl,unknown,,108276,6129,88,6.0
pierre_pierreetgilles,unknown,unknown,,44527,1113,10,3.0
breezeana,unknown,unknown,,38748,2367,32,6.0
chiharuokunugi,en,unknown,,34110,1168,9,3.0
bun5o,ja,unknown,,11980,529,2,4.0
slayrizz,en,unknown,,15045,505,20,3.0
rinao127,en,unknown,,43029,2107,19,5.0
i_am_037,unknown,unknown,,3187,77,1,2.0
yasmineeslami,en,unknown,,23238,392,5,2.0
kazumi_asamura_hayashi,en,unknown,,3619,135,2,4.0
mattirwinlondon,en,unknown,,81919,2846,1109,5.0
kaze_give_me,unknown,unknown,,1760,100,0,6.0
tokyodays_luka,en,unknown,,155406,4649,25,3.0
kurumixo_,da,unknown,,42734,1311,4,3.0
jokemichaels,en,unknown,,34190,2942,27,9.0
marymejimmypaul,en,unknown,,23336,362,6,2.0
meirin_zzz,ja,unknown,,22915,1375,6,6.0
kim1113,en,unknown,,13101,119,3,1.0
erindgarcia,unknown,unknown,,13591,432,3,3.0
pucapucaofficial,unknown,unknown,,11634,448,7,4.0
jo_kami,unknown,unknown,,1066,78,8,8.0
alphachanneling,en,unknown,,606938,22697,184,4.0
aurel_sex,unknown,unknown,,24054,546,10,2.0
steve.lacy,de,unknown,,217410,41175,685,19.0
iiindiiia,en,unknown,,67789,2126,30,3.0
taticompton,en,unknown,,235328,10031,68,4.0
seanfromtexas,en,unknown,,417838,8525,36,2.0
liveglenwood,unknown,unknown,,1723508,48981,113,3.0
watanabenaomi703,da,unknown,,7899709,432836,2056,6.0
parrisgoebel,en,unknown,,672290,29529,220,4.0
jujujuxiaowen,en,unknown,,497286,7268,59,1.0
barbienox,en,unknown,,457740,15186,78,3.0
ali_michael,en,unknown,,253152,7831,45,3.0
tinashenow,en,unknown,,2217172,57120,768,3.0
ai15_kiko,en,unknown,,37752,514,2,1.0
mt.amr,en,unknown,,2560,75,1,3.0
uakimoto,en,unknown,,33187,751,6,2.0
richardburbridge,unknown,unknown,,31754,823,13,3.0
team.mizuhara,en,unknown,,25444,714,2,3.0
haleywollens,en,unknown,,19865,545,7,3.0
aiala,en,unknown,,2967,146,5,5.0
sangwo0,sq,unknown,,84010,3628,28,4.0
luucheng,en,unknown,,19512,481,6,2.0
tavitulle,en,unknown,,556671,5686,54,1.0
petrafcollins,en,unknown,,733954,20420,120,3.0
arvidabystrom,en,unknown,,245721,7920,40,3.0
rinasonline,en,unknown,,60074,3667,47,6.0
gabriel_held_vintage,en,unknown,,82592,1486,20,2.0
williamstrobeck,unknown,unknown,,190880,11173,75,6.0
daniel_s_makeup,sv,unknown,,10074,242,4,2.0
melzy917,unknown,unknown,,143212,2696,35,2.0
michel_e_b,en,unknown,,152455,10561,64,7.000000000000001
funnyfailvideos,unknown,unknown,,4390883,61182,3092,1.0
gilles_pierreetgilles,unknown,unknown,,47022,1495,13,3.0
erykahbadu,en,unknown,,2826814,69559,1634,3.0
kelelam,en,unknown,,158158,9132,111,6.0
darkwaveduchess,bi,unknown,,119223,8020,112,7.000000000000001
fuckjerry,en,unknown,,13456774,472705,17186,4.0
fashion_east,en,unknown,,83635,739,16,1.0
ashleywilliamslondon,unknown,unknown,,67251,1078,11,2.0
isamayaffrench,en,unknown,,136123,2958,37,2.0
sandycandykim,unknown,unknown,,53601,1381,14,3.0
joejonas,en,unknown,,6845101,114324,455,2.0
leo_berne,en,unknown,,34369,2984,25,9.0
louisrault,en,unknown,,14323,909,7,6.0
hama_okamoto,en,unknown,,196267,6828,13,3.0
okamotoreiji,unknown,unknown,,51553,1784,16,3.0
nattofranco,en,unknown,,9049,163,1,2.0
courreges,unknown,unknown,,67017,948,11,1.0
ashish,en,unknown,,141711,2126,28,2.0
adamselman,unknown,unknown,,141713,2335,29,2.0
stussy,en,unknown,,3041153,42681,152,1.0
ryanmcginleystudios,unknown,unknown,,233153,4025,23,2.0
linascheynius,unknown,unknown,,59709,2541,47,4.0
olympialetan,en,unknown,,120860,657,5,1.0
supremenewyork,pl,unknown,,9883556,225981,1200,2.0
rickysaiz,ms,unknown,,17544,1099,22,6.0
denimtears,en,unknown,,61478,3520,74,6.0
chloessevigny,unknown,unknown,,658563,16352,192,3.0
earlboykins,nl,unknown,,216934,5492,113,3.0
stephanesednaoui,en,unknown,,8149,276,13,4.0
harleyweir,en,unknown,,250168,4961,29,2.0
robbiespencer,en,unknown,,76421,2397,20,3.0
ben_toms,unknown,unknown,,34775,1932,32,6.0
kilokish,en,unknown,,66249,2593,30,4.0
masayakitsune,en,unknown,,46317,830,4,2.0
c_smith0213,en,unknown,,7490,588,24,8.0
skyferreira,en,unknown,,693720,21979,204,3.0
kaliuchis,en,unknown,,780085,117853,2145,15.0
lilyrose_depp,en,unknown,,3372459,137673,562,4.0
nick_knight,unknown,unknown,,488985,2253,28,0.0
kojimaruyama,to,unknown,,3456,58,1,2.0
annatrevelyan,en,unknown,,38130,861,25,2.0
sachikoomori,da,unknown,,22438,361,2,2.0
katsuyakamo,en,unknown,,17098,631,3,4.0
lol_vines,en,unknown,,4273632,45638,3674,1.0
fun_bestvids,en,unknown,,6709958,52100,2922,1.0
watts.on,en,unknown,,947780,18998,119,2.0
love.watts,en,unknown,,1647089,20233,79,1.0
cornilikeit,unknown,unknown,,29163,487,11,2.0
willowsmith,en,unknown,,2846034,54263,269,2.0
idea.ltd,en,unknown,,343768,1335,10,0.0
eichimatsunaga,en,unknown,,63769,701,6,1.0
shun_watanabe,unknown,unknown,,33168,692,9,2.0
nicolaformichetti,unknown,unknown,,245611,2915,39,1.0
rolaofficial,unknown,unknown,,4784950,136514,0,3.0
unif,en,unknown,,1204222,16851,37,1.0
monimogi,en,unknown,,41111,1745,9,4.0
feliciathegoat,en,unknown,,4780762,483433,8370,10.0
yoon_ambush,en,unknown,,216780,5337,43,2.0
theinternet,en,unknown,,161853,8837,127,6.0
martianstudios,en,unknown,,36275,2430,66,7.000000000000001
syd,en,unknown,,401150,38766,850,10.0
badgalriri,en,unknown,,61252908,2089236,22962,3.0
towatei,en,unknown,,24590,498,0,2.0
ashley_yuka,en,unknown,,388136,6545,16,2.0
grey_waters,unknown,unknown,,186281,4877,106,3.0
rinchan521,ja,unknown,,1502495,13263,24,1.0
katemossagency,unknown,unknown,,804967,8800,64,1.0
greenfingersjp,ja,unknown,,9522,197,0,2.0
g_karina_official,ja,unknown,,93893,8569,35,9.0
instagramjapan,ja,unknown,,3150050,38455,682,1.0
thelmaaoyama,unknown,unknown,,935107,40633,235,4.0
fujimooongram,ja,unknown,,396786,39982,250,10.0
photoaroundapp,ja,unknown,,328055,1987,12,1.0
tokura_freestyle,en,unknown,,51753,2765,31,5.0
pinky___parl___,en,unknown,,6665,749,39,12.0
sou_ham,ja,unknown,,35030,1518,29,4.0
ojarinn,ja,unknown,,84480,6267,56,7.000000000000001
inamorim,ja,unknown,,32657,1729,32,5.0
march.lemon,ja,unknown,,36897,3447,52,9.0
tomoko_misumi_tchaiko,ja,unknown,,51996,3284,45,6.0
5577coron,ja,unknown,,5988,664,11,11.0
johnny777,en,unknown,,29573,1354,40,5.0
komomo.0103,ja,unknown,,4141,340,12,9.0
love626gram,ja,unknown,,29935,2938,35,10.0
ikedda,en,unknown,,179081,26044,100,15.0
matthewthehedgehog,ja,unknown,,45403,2632,28,6.0
misakuranaga,ja,unknown,,76476,3708,9,5.0
nico.040430,ja,unknown,,990,220,39,26.0
lyripapa,el,unknown,,1429,214,10,16.0
kinakobun.bento,ja,unknown,,24983,1320,0,5.0
mambo926,en,unknown,,21183,1959,36,9.0
seonia,en,unknown,,187009,5201,120,3.0
chumkenoikimonotati,ja,unknown,,3743,445,19,12.0
amour_snoo_py,unknown,unknown,,3941,346,5,9.0
hirobenz250,ja,unknown,,4053,524,10,13.0
zooeyinthecity,en,unknown,,116917,4903,52,4.0
_cookieboy_,en,unknown,,26535,650,3,2.0
licca_tarao_0311,en,unknown,,32794,1779,25,6.0
yuuukiiinaaa,jp,unknown,,4439590,87403,209,2.0
katorishingo_official,unknown,unknown,,1472773,135703,2784,9.0
watanabenaomi703,da,unknown,,7899861,432861,2056,6.0
hinafollet,ja,unknown,,4462,551,3,12.0
choom.online,ja,unknown,,9261,667,9,7.000000000000001
hobopeeba,en,unknown,,515329,21526,185,4.0
isopresso_balloon,en,unknown,,16055,1233,11,8.0
maron__0626,ja,unknown,,20061,2263,31,11.0
_hikari_____,da,unknown,,92042,1758,8,2.0
naomiosakatennis,en,unknown,,56625,10077,342,18.0
masa.fb,en,unknown,,14805,1815,38,13.0
da1pix,en,unknown,,8952,994,23,11.0
ramune0123,en,unknown,,44376,3251,88,8.0
ochibits,ja,unknown,,26286,1536,26,6.0
gu_gu_memo,ja,unknown,,3031,389,3,13.0
a_ponnnn,ja,unknown,,8435,329,6,4.0
karinpyong,en,unknown,,105812,7650,107,7.000000000000001
hryphoto,en,unknown,,16042,1496,20,9.0
nuikobo,en,unknown,,3915,339,1,9.0
riepoyonn,ja,unknown,,164346,11612,284,7.000000000000001
yokoxbeauty,en,unknown,,5240,163,6,3.0
yk,en,unknown,,196786,7481,75,4.0
estyle1010,ja,unknown,,25605,1699,30,7.000000000000001
maplelatte_erica,ja,unknown,,33791,1392,15,4.0
megumiseki.hanawa,ja,unknown,,9251,588,11,6.0
ame_the_akita,ja,unknown,,2245,291,12,13.0
hiro_photograph,en,unknown,,20915,1713,46,8.0
sasukeharaguchi,en,unknown,,10969,687,13,6.0
_pizzicato_,en,unknown,,72309,4621,5,6.0
mr_riu,en,unknown,,168491,2803,24,2.0
ojaru427,ja,unknown,,2589,315,18,13.0
wasabitool,ja,unknown,,19593,2737,34,14.000000000000002
econeco,ja,unknown,,17177,507,2,3.0
minapple,ja,unknown,,500281,12896,57,3.0
tamsworks,ja,unknown,,39597,1068,5,3.0
rinomishima,en,unknown,,2199,84,2,4.0
sakuracos,en,unknown,,75251,1290,6,2.0
lovebirdpiko,ja,unknown,,6533,557,18,9.0
majesticdisorder,en,unknown,,69981,1888,38,3.0
immrsht73,unknown,unknown,,13152,1099,12,8.0
tofuko0611,ja,unknown,,14684,1459,18,10.0
shibainu.berry,en,unknown,,107232,5716,73,5.0
mai.y.glass,ja,unknown,,6387,879,6,14.000000000000002
rinne172,ja,unknown,,124808,10588,182,9.0
miyoshi.aa,ja,unknown,,725207,22306,260,3.0
norito_m,en,unknown,,22711,4479,38,20.0
moqsama,ja,unknown,,91719,3434,43,4.0
maimi_koori,ja,unknown,,2466,114,0,5.0
orinemunemu,en,unknown,,4881,750,7,16.0
tattivasilieva,en,unknown,,328090,18016,193,6.0
rikarin0526,en,unknown,,20893,512,2,2.0
o_bent_o,ja,unknown,,4734,689,3,15.0
leolilylovechan,en,unknown,,1308,128,12,11.0
watara_ikebana,ja,unknown,,12960,730,2,6.0
choppe_tt,ja,unknown,,27429,2249,17,8.0
exotic_toshi,en,unknown,,20184,322,2,2.0
yuukokatayama,en,unknown,,1664,212,1,13.0
chibichibin,da,unknown,,11545,407,7,4.0
nabecam,en,unknown,,3090,501,7,16.0
mei_hamuu,ja,unknown,,5445,482,9,9.0
miori__ny,ja,unknown,,9674,681,18,7.000000000000001
globemakers,en,unknown,,170961,1627,15,1.0
nattsxx,ja,unknown,,70745,3980,34,6.0
midori.muko,ja,unknown,,3984,467,3,12.0
yukikashiwagi_official,en,unknown,,150020,16196,240,11.0
junjunmam64,ja,unknown,,29218,2342,19,8.0
tachineko.ym,ja,unknown,,43147,3051,16,7.000000000000001
sogggggy,en,unknown,,82080,3371,42,4.0
yumikohiguchi,ja,unknown,,205909,10545,41,5.0
pizzatoru,ja,unknown,,128558,5151,62,4.0
__yuinstagram__,en,unknown,,34140,1192,6,4.0
shinomatsuda,en,unknown,,8744,1060,11,12.0
mikako_tsuruta,ja,unknown,,2108,198,1,9.0
happyroad88,ja,unknown,,1096,179,12,17.0
365cleaneats,en,unknown,,11014,1547,122,15.0
inutanu,ja,unknown,,4203,321,2,8.0
yumiko_296.owl,ja,unknown,,5913,429,8,7.000000000000001
petit___chambre,ja,unknown,,926,132,3,15.0
ibuki.japan,en,unknown,,56881,4230,37,8.0
ran_coma,unknown,unknown,,1826,134,7,8.0
dai.14,en,unknown,,913,239,10,27.0
kinoshitakazumi,ja,unknown,,19720,998,14,5.0
sugarmix70,ja,unknown,,21335,2695,35,13.0
tatsumi_oni,unknown,unknown,,1669,201,2,12.0
ta2funk,ja,unknown,,31014,1941,20,6.0
yokohyn,da,unknown,,1624,439,59,31.0
age_cox,da,unknown,,15385,1694,15,11.0
ku_ibusora,ja,unknown,,22116,1500,75,7.000000000000001
2emo19,ja,unknown,,1742,446,18,27.0
p0p0_balloon,da,unknown,,6217,341,4,6.0
achikochisochi,en,unknown,,82013,1565,10,2.0
acornmilk._.sweets,ja,unknown,,54530,2027,8,4.0
_n_a_t_s_u_m_i_,da,unknown,,19492,448,2,2.0
sg__tim,en,unknown,,3994,331,5,8.0
akokaricafe,ja,unknown,,11480,843,50,8.0
hirokingraphy,ja,unknown,,16888,1716,31,10.0
mosslight1955,ja,unknown,,48772,1433,8,3.0
ashimashiraishi,en,unknown,,239077,11772,145,5.0
takae821,ja,unknown,,2265,181,4,8.0
nayoko054,da,unknown,,20418,1405,28,7.000000000000001
yamasaki_shigeru,ja,unknown,,166785,10531,45,6.0
hidechan226,en,unknown,,9043,938,12,11.0
shizuko0026,ja,unknown,,19839,655,28,3.0
hagemaruchan_setsuko,ja,unknown,,10044,924,36,10.0
mana1130,en,unknown,,1020,95,3,10.0
shimakao_uta17,ja,unknown,,806,97,3,12.0
tko.kinoshita,jp,unknown,,230268,12794,50,6.0
__mika__m,ja,unknown,,6656,322,6,5.0
harucop,ja,unknown,,1740,282,18,17.0
hirotoohhara,en,unknown,,26536,1756,10,7.000000000000001
rexthehusky0619,ja,unknown,,10594,316,4,3.0
utosh,ja,unknown,,89883,2311,10,3.0
muradosmann,en,unknown,,4503896,144362,1376,3.0
gerutama,en,unknown,,770,47,0,6.0
snufkin25,ja,unknown,,9955,1128,11,11.0
mukka_cat,en,unknown,,3594,138,3,4.0
koko_secretrainbowpath,en,unknown,,28125,1714,67,6.0
chihirars,ja,unknown,,3032,285,9,10.0
tmhjk,ja,unknown,,17491,1095,13,6.0
toitoitoi_ring,ja,unknown,,8229,237,2,3.0
takupon0816,en,unknown,,15986,1773,105,12.0
fcmasamasa,ja,unknown,,4242,1012,20,24.0
hii.luaflo,ja,unknown,,4116,383,5,9.0
osamuyokonami,ja,unknown,,68626,1412,2,2.0
koron.n,ja,unknown,,57852,2194,11,4.0
papa_92__,en,unknown,,2369,301,8,13.0
tomochoi,ja,unknown,,651,115,4,18.0
verdure731,ja,unknown,,12564,927,28,8.0
akirakusaka,ja,unknown,,24448,1693,7,7.000000000000001
yamato1226,en,unknown,,49682,865,11,2.0
to_yan,en,unknown,,2798,307,26,12.0
miki_moni,en,unknown,,6551,104,1,2.0
_____9__,ja,unknown,,37598,1265,2,3.0
tokyodamagirls,en,unknown,,9012,332,8,4.0
satosu629,en,unknown,,1325,117,3,9.0
natsumi_muroi,ja,unknown,,15872,506,5,3.0
oolong_and_puer,en,unknown,,989,188,3,19.0
hitomi_kawakami,jp,unknown,,79274,3176,16,4.0
toshikisato,en,unknown,,1651,141,1,9.0
tomoro.m,ja,unknown,,110622,6536,110,6.0
hedgehog_azuki,ja,unknown,,356883,21482,158,6.0
cotito_yuka,ja,unknown,,32226,1459,2,5.0
pimlico_0157,en,unknown,,1177,220,10,20.0
myamejp,ja,unknown,,10578,275,2,3.0
___muse.asu___,ja,unknown,,2957,324,8,11.0
sakurasato0408,en,unknown,,2583,386,0,15.0
yuccomiiico,ja,unknown,,2321,193,4,8.0
kodomakeup,en,unknown,,11144,357,13,3.0
kaji_photochromism,en,unknown,,8059,1077,33,14.000000000000002
shinichillout54,en,unknown,,66727,2139,29,3.0
fuku_tsumugi,ja,unknown,,8112,610,14,8.0
petit_poco,ja,unknown,,31464,980,25,3.0
m_koho,ja,unknown,,16232,567,12,4.0
corin_1214,ja,unknown,,794,172,14,23.0
yuzooooo,en,unknown,,7468,236,2,3.0
mr35.a,en,unknown,,1344,181,19,15.0
sora_richie,en,unknown,,3147,152,2,5.0
mkcinnabon,ja,unknown,,866,157,16,20.0
noricame2,ja,unknown,,2582,268,9,11.0
konchannel_jp,en,unknown,,1474,673,7,46.0
koomie_log,en,unknown,,624,100,0,16.0
yuandtoro,en,unknown,,206203,6326,24,3.0
riebento,ja,unknown,,24446,1383,29,6.0
reiko.t.table,en,unknown,,12768,1357,33,11.0
azumamakoto,en,unknown,,76530,4628,67,6.0
funiochi,en,unknown,,4151,338,3,8.0
licht_02,unknown,unknown,,3284,504,11,16.0
tronc_miii,ja,unknown,,25670,804,1,3.0
sorahana39,ja,unknown,,1889,272,19,15.0
snow_bell95,ja,unknown,,40680,2179,12,5.0
chocochop2,en,unknown,,9528,444,5,5.0
naokis_gallery,ja,unknown,,1396,432,8,32.0
takorins,ja,unknown,,9767,661,19,7.000000000000001
la_fee_de_fleur,en,unknown,,49190,4024,135,8.0
shibainu_non,ja,unknown,,24425,1385,24,6.0
yumi_xon,ja,unknown,,1242,161,4,13.0
odeco_gram,en,unknown,,2411,195,4,8.0
gimico_gimico,da,unknown,,10345,656,5,6.0
koume_tan,ja,unknown,,47328,1726,21,4.0
keso1005,ja,unknown,,4202,415,5,10.0
ikukosenaga,ja,unknown,,19181,1820,10,10.0
kurebayashiii,en,unknown,,144610,4090,19,3.0
103noa,ja,unknown,,33786,1829,10,5.0
masayo_san,ja,unknown,,149442,3061,29,2.0
yuki__fujisawa,en,unknown,,14825,365,1,2.0
godive2000,en,unknown,,27885,2328,48,9.0
rika_beedama,ja,unknown,,7815,471,5,6.0
mayu_mymc,ja,unknown,,4853,522,24,11.0
akihiro617,en,unknown,,11786,412,18,4.0
errer_,ja,unknown,,45585,2332,6,5.0
makin,en,unknown,,4448,136,2,3.0
lilac.01,ja,unknown,,20239,1138,17,6.0
yukamannami,ja,unknown,,312160,12981,115,4.0
shikibrand,ja,unknown,,2458,141,5,6.0
_maitrii_yoga,en,unknown,,697,95,3,14.000000000000002
plumestagram,ja,unknown,,44610,1895,11,4.0
toile_blanche,en,unknown,,49999,3679,95,8.0
abe_haruya,ja,unknown,,104665,1654,16,2.0
wifeandhusband_kyoichi,en,unknown,,25958,1365,15,5.0
sphoto_j,en,unknown,,7365,787,21,11.0
atsu_1003,ja,unknown,,10567,1858,50,18.0
kuro_kuro_kuroppi,ja,unknown,,6662,669,15,10.0
a50a,da,unknown,,82831,3040,59,4.0
trickster_atsuki,en,unknown,,724,61,1,9.0
nyanchu__raff,da,unknown,,4454,415,4,9.0
tsumizo,en,unknown,,21070,2840,25,14.000000000000002
rumiplus,ja,unknown,,3993,218,3,6.0
ponchan918,ja,unknown,,275811,5377,55,2.0
chinazoron,en,unknown,,7692,324,6,4.0
trikotri222,ja,unknown,,58089,2188,12,4.0
muffin_the_munchkin,da,unknown,,38725,4768,21,12.0
maki_zuhause,en,unknown,,30920,2479,78,8.0
kyun_kun,en,unknown,,6746,157,2,2.0
kohakoharun,ja,unknown,,1396,82,2,6.0
tablebykeikohudson,en,unknown,,2139,72,1,3.0
_nori_28,en,unknown,,4645,353,13,8.0
mokumekko,ja,unknown,,1040,121,3,12.0
meguccco,en,unknown,,15751,1453,16,9.0
tomtom1486,en,unknown,,54945,3682,86,7.000000000000001
studio_tint,unknown,unknown,,29039,599,8,2.0
hal_h1010,en,unknown,,6801,175,29,3.0
yutaokashi,ja,unknown,,14346,1188,44,9.0
akiyuki28,ja,unknown,,480,54,2,12.0
akolonic_,unknown,unknown,,34737,354,14,1.0
zap_japan,ja,unknown,,7994,1423,47,18.0
nonaka_miho,ja,unknown,,42831,3220,13,8.0
official_kinako.jp,da,unknown,,17583,834,19,5.0
sachi_homemade,ja,unknown,,26746,2372,34,9.0
kazuyukikawahara,en,unknown,,43926,1424,6,3.0
vivichan0430,en,unknown,,1253,90,0,7.000000000000001
tokyopanzukan,ja,unknown,,6619,121,0,2.0
7010._.5,en,unknown,,3842,245,3,6.0
amano.jun,en,unknown,,2232,126,1,6.0
giacometti.65,ja,unknown,,2136,214,4,10.0
shizukubun,ja,unknown,,17092,1686,23,10.0
tsuyoshinges,en,unknown,,54847,1542,7,3.0
aixphoto,ja,unknown,,11510,871,36,8.0
rinran032,ja,unknown,,27427,1266,27,5.0
koz.t,unknown,unknown,,40339,1741,8,4.0
_____yu____,unknown,unknown,,12330,573,17,5.0
i_sa_mu555,ja,unknown,,933,203,16,23.0
396_zima,ja,unknown,,15175,1531,59,10.0
tora._.gram,ja,unknown,,1504,201,3,14.000000000000002
asami_kamioka,ja,unknown,,106102,3442,18,3.0
ryota_kik,en,unknown,,1545,102,2,7.000000000000001
yamano.shizuku,en,unknown,,643,135,1,21.0
maokp,ja,unknown,,1206,195,0,16.0
hanyacoro,ja,unknown,,53632,1640,77,3.0
neru0414,en,unknown,,12075,942,5,8.0
hokuto_ig,en,unknown,,14620,1391,15,10.0
yakushiman_teruya,ja,unknown,,1520,201,3,13.0
hirokobrasil,da,unknown,,4824,368,5,8.0
yasunari_hirai,en,unknown,,4461,137,2,3.0
1014ryo,ja,unknown,,802,121,2,15.0
tsubottlee,ja,unknown,,16061,560,5,4.0
_wasastagram_,ja,unknown,,26273,507,5,2.0
ayumi_masunari,ja,unknown,,959,84,3,9.0
ipnot,en,unknown,,45000,2568,15,6.0
nanaopon,en,unknown,,2441,115,1,5.0
masa08x,da,unknown,,7618,913,30,12.0
yuki_yasuda08,en,unknown,,5239,424,6,8.0
ui_hii618love,ja,unknown,,56449,5737,153,10.0
reico0907,ja,unknown,,2181,247,21,12.0
konel_bread,ja,unknown,,163863,1922,14,1.0
gnta,da,unknown,,47758,1373,17,3.0
puraten10,ja,unknown,,61985,5570,22,9.0
duffylovebird,en,unknown,,11268,449,6,4.0
michou_rk,en,unknown,,1471,217,24,16.0
chiku_uw,en,unknown,,22962,638,12,3.0
maochka,en,unknown,,8629,381,1,4.0
solfa1211,en,unknown,,18062,283,29,2.0
shimohyonn,ja,unknown,,2225,427,14,20.0
ryutaxx,ja,unknown,,1787,306,14,18.0
t.takaq,ja,unknown,,511,117,6,24.0
imuyamotas,ja,unknown,,14935,510,5,3.0
ai_mogmog,en,unknown,,12740,875,31,7.000000000000001
bs_scrap,ja,unknown,,1652,140,0,8.0
pudding39,ja,unknown,,3678,326,11,9.0
ilkoallexandroff,ja,unknown,,21421,1782,13,8.0
rio_the_shihpoo,en,unknown,,6922,221,5,3.0
foodpicjp,en,unknown,,24305,1251,131,6.0
koma.furniture,ja,unknown,,3841,206,1,5.0
u_photooo,ja,unknown,,5707,282,3,5.0
caprice_niki,ja,unknown,,886,143,8,17.0
tarutomari,ja,unknown,,11022,693,8,6.0
kusanagi_mtk,ja,unknown,,10296,944,18,9.0
__yu118,en,unknown,,7713,795,11,10.0
apy.m,en,unknown,,25145,1767,32,7.000000000000001
shi_n_go_m_0530,en,unknown,,10813,115,4,1.0
satochi61,en,unknown,,7366,277,25,4.0
ginn_husky,en,unknown,,34057,720,56,2.0
naominailsnyc,en,unknown,,156174,780,17,1.0
okada_yohei,unknown,unknown,,557,132,6,25.0
tyatara02,ja,unknown,,2418,169,2,7.000000000000001
shimogawakyozo,ja,unknown,,3668,261,4,7.000000000000001
hashimuki,ja,unknown,,27923,3418,37,12.0
cosydesign,en,unknown,,24793,777,5,3.0
cavalierkuu,ja,unknown,,9250,401,9,4.0
pedalstrike,en,unknown,,2288,68,3,3.0
hatsukako,ja,unknown,,2143,177,7,9.0
shimejiwasabi,da,unknown,,175617,5540,43,3.0
akiti_,ja,unknown,,3546,128,0,4.0
fourdirection,en,unknown,,4298,321,10,8.0
tanaka_tatsuya,en,unknown,,1175079,60233,149,5.0
uroncha1031,ja,unknown,,5864,420,2,7.000000000000001
kazumaru787,ja,unknown,,2041,146,1,7.000000000000001
futago_no_utarita,en,unknown,,15951,699,12,4.0
nao.fu.ri,ja,unknown,,2915,172,6,6.0
meojantanee,en,unknown,,41290,3400,37,8.0
daiki_utsumi,en,unknown,,1920,174,5,9.0
rina_takei,ja,unknown,,111457,7241,182,7.000000000000001
caneledujapon,ja,unknown,,60584,713,2,1.0
asana_hirame,ja,unknown,,1657,364,13,23.0
tacos_cat,ja,unknown,,13966,485,4,4.0
najii66,en,unknown,,123758,3295,39,3.0
shabon,en,unknown,,64068,2117,37,3.0
je_suis_mayu,unknown,unknown,,765,168,15,24.0
nano518pico,unknown,unknown,,39643,988,13,3.0
tkcland,ja,unknown,,974,161,11,18.0
kirakira_pepe,ja,unknown,,5124,176,10,4.0
birds_words,ja,unknown,,31063,840,7,3.0
j_ledzep,ja,unknown,,24607,1242,57,5.0
machiavelli_y,ja,unknown,,4865,319,3,7.000000000000001
kumo_ikebanalab,ja,unknown,,2749,357,5,13.0
feel_kiyomizudera,ja,unknown,,167698,6596,13,4.0
ryojiimaizumi,en,unknown,,179656,5593,138,3.0
___arr_,ja,unknown,,514,98,16,22.0
refume_3mama,en,unknown,,706,218,37,36.0
wagnus,da,unknown,,103661,2516,28,2.0
thejustfav,ja,unknown,,48485,226,3,0.0
schinako,en,unknown,,47321,4228,21,9.0
t0t01410,ja,unknown,,9911,614,9,6.0
manimani_online,ja,unknown,,3372,173,4,5.0
penji_no_hiroba,ja,unknown,,65277,703,2,1.0
daifuku.888,ja,unknown,,16163,542,18,3.0
umemichi77,unknown,unknown,,52062,590,7,1.0
chiaoking,en,unknown,,86098,2704,22,3.0
satoshi_1123,ja,unknown,,2979,288,12,10.0
macomo561,ja,unknown,,966,106,0,11.0
ginjiro_japan,en,unknown,,2014,61,1,3.0
mikkimikki0326,ja,unknown,,391,64,2,17.0
pacamera,en,unknown,,6117,493,7,8.0
kazuyabrian,ja,unknown,,2491,124,8,5.0
matsumotoooooo,ja,unknown,,238598,4765,20,2.0
sajilo_kayo,da,unknown,,20362,289,2,1.0
megu_flowers,ja,unknown,,5008,397,8,8.0
daifuku_channel,ja,unknown,,341865,13597,42,4.0
boomerangfrominstagram,en,unknown,,1189276,29234,341,2.0
otntty,en,unknown,,17928,765,6,4.0
eam0505,en,unknown,,20651,1517,13,7.000000000000001
i.am.ringogo,ja,unknown,,8524,440,20,5.0
appl__e____,en,unknown,,9162,498,2,5.0
marie_platz,ja,unknown,,739,151,5,21.0
moogabooga_animation,ja,unknown,,49834,258,4,1.0
kenji.87,da,unknown,,26896,693,10,3.0
pinkwater77,en,unknown,,1197,253,27,23.0
lovely2m,unknown,unknown,,4809,276,20,6.0
kozuekawabe,ja,unknown,,22451,1290,36,6.0
instagramfr,fr,unknown,,1535582,8984,393,1.0
_morio_,ja,unknown,,44588,305,10,1.0
r_you_me,en,unknown,,44091,252,4,1.0
nocoa2525,ja,unknown,,58559,2948,38,5.0
chihirograph,en,unknown,,13411,68,0,1.0
m.y1010,ja,unknown,,85449,462,2,1.0
maryn1114,en,unknown,,46571,331,19,1.0
lienjp,en,unknown,,8812,867,74,11.0
a_aizawa,ja,unknown,,23649,457,5,2.0
kuma3x3,da,unknown,,25632,192,1,1.0
1000wave,ja,unknown,,39683,809,10,2.0
bali_ayu,en,unknown,,58986,1144,35,2.0
hanacohan,en,unknown,,17031,635,14,4.0
aya_kobayashi_watercolorist,ja,unknown,,49442,1034,7,2.0
tanacame16,la,unknown,,4124,533,9,13.0
futa_and_nagomi,ja,unknown,,1082,122,3,12.0
2b1yro_,en,unknown,,9251,111,1,1.0
specter_007,ja,unknown,,11230,718,24,7.000000000000001
tebiti_mabuyer,en,unknown,,23065,963,22,4.0
_yodaka,en,unknown,,61660,2317,17,4.0
nuku321,en,unknown,,9025,221,3,2.0
chiemay23,ja,unknown,,2010,129,18,7.000000000000001
yosuke.horiyo,ja,unknown,,34173,692,11,2.0
yr.cpi,ja,unknown,,729,73,0,10.0
fuku_nyan,ja,unknown,,34058,2681,26,8.0
hardmaru,en,unknown,,1133,70,3,6.0
alicetea718,en,unknown,,5915,302,8,5.0
m.maco,ja,unknown,,1221,174,6,15.0
jamio3,unknown,unknown,,43806,635,53,2.0
paardmusee,ja,unknown,,48391,211,2,0.0
kononekome,en,unknown,,22021,215,8,1.0
yoshi0113,en,unknown,,1457,226,41,18.0
dog_dada,en,unknown,,148323,5931,260,4.0
kei__okuda,ja,unknown,,60203,2342,2,4.0
haku_whtrbt,en,unknown,,2703,200,7,8.0
juntowa,ja,unknown,,116267,1774,10,2.0
miyukiadachi,ja,unknown,,56710,537,15,1.0
rentomo_,en,unknown,,560,110,9,21.0
usagraph,ja,unknown,,28424,840,11,3.0
seiichihishikawa_bw,en,unknown,,1951,37,0,2.0
rossy_o3,ja,unknown,,3892,267,3,7.000000000000001
zahrada,en,unknown,,12935,318,27,3.0
yosuke_ueno,en,unknown,,66057,342,3,1.0
emuhal,ja,unknown,,2462,292,47,14.000000000000002
notesofnomads,en,unknown,,8158,350,9,4.0
__h_____nacs,ja,unknown,,2820,173,2,6.0
yur_rii,ja,unknown,,116138,1833,16,2.0
you_mot,en,unknown,,4043,112,8,3.0
rothbartbaron,unknown,unknown,,2919,92,0,3.0
hikarunosuke,en,unknown,,29446,1432,5,5.0
dnmk98,ja,unknown,,11698,643,5,6.0
sugichan25,en,unknown,,43510,618,1,1.0
ohitorisamarosefamily,en,unknown,,12340,1017,10,8.0
sesokomasayuki,ja,unknown,,150205,634,5,0.0
con4y,en,unknown,,8161,139,10,2.0
zinateki,ja,unknown,,2609,226,6,9.0
greenice1022,en,unknown,,10821,182,15,2.0
anazuvo,ja:100.0%,male,,33904,1302,28,4.0
sorayuchi,"ja:74.9%, el:25.1%",male,,55991,864,8,2.0
pikaring,da:100.0%,male,,15662,386,19,3.0
xwing_red5,da:100.0%,unknown,,8439,144,7,2.0
yuma_hidaka,da:100.0%,male,,50798,2282,68,5.0
stolodesu,ja:100.0%,female,,5115,247,3,5.0
mico2014,"ja:88.33%, en:11.67%",male,,14540,439,11,3.0
darayunya,"ja:83.21%, da:16.79%",female,,42076,1214,14,3.0
shimizumash,ja:100.0%,male,,6601,473,4,7.000000000000001
choom.online,ja:100.0%,male,,9299,668,10,7.000000000000001
acornmilk._.sweets,"ja:81.28%, en:18.72%",female,,54377,2072,8,4.0
1000wave,ja:100.0%,female,,39636,780,10,2.0
bonjour_licca,ja:100.0%,male,,80737,2414,6,3.0
yohko_ycsweets,"ja:88.28%, da:11.72%",unknown,,32629,513,6,2.0
cchhiiaakkii9,ja:100.0%,female,,16383,1208,5,7.000000000000001
uri_hanazono,da:100.0%,female,,5878,320,3,5.0
ayu_141223,ja:100.0%,female,,43335,1885,14,4.0
a.chanovo,"ja:52.49%, en:27.22%, xx-Qaai:20.3%",female,,13982,253,7,2.0
ai_okada_,ja:100.0%,male,,35436,1237,5,4.0
mizuho_goto,"ja:86.42%, en:13.58%",male,,12803,527,2,4.0
yoshidabi_zu,"ja:71.71%, en:17.0%, da:11.28%",female,,4132,171,1,4.0
si_oux,"ja:78.94%, en:21.06%",male,,30691,722,7,2.0
kurarasystem,ja:100.0%,unknown,,21665,167,0,1.0
kumamiki,ja:100.0%,unknown,,127649,5045,21,4.0
hyokkorihan,ja:100.0%,unknown,,56589,6737,32,12.0
tomo_fitness,ja:100.0%,male,,47527,1430,9,3.0
lializiko,ja:100.0%,male,,139731,16229,173,12.0
kudokankuro_anng,ja:100.0%,male,,11234,1475,28,13.0
doctorx_official,"ja:72.53%, xx-Qaai:27.47%",male,,48446,13318,168,28.000000000000004
hashimoto_kanna,ja:100.0%,male,,144518,11867,106,8.0
tsuyoshi_nagabuchi,ja:100.0%,male,,16097,2378,40,15.0
celeinaann,ja:100.0%,female,,39598,1566,16,4.0
kyarypappa,ja:100.0%,female,,1165563,54633,358,5.0
kyarypamyurin,ja:100.0%,female,,17722,1822,85,11.0
toriimiyukitorii,ja:100.0%,female,,106137,1807,8,2.0
reishito,"ja:76.47%, en:23.53%",male,,48360,576,3,1.0
ena1123,da:100.0%,male,,512616,2550,2,0.0
rgrazorramon,da:100.0%,male,,105380,3211,10,3.0
gackt,"ja:76.48%, en:23.52%",male,,532133,19836,518,4.0
